{
    "objects": [
        {
            "type": "Roof",
            "x": -0.2593788802623749,
            "y": 2.426584243774414,
            "rot": 0.0,
            "sx": 1.0,
            "sy": 1.0
        },
        {
            "type": "Roof",
            "x": 0.18527071177959443,
            "y": 2.574800491333008,
            "rot": 0.0,
            "sx": 1.0,
            "sy": 1.0
        },
        {
            "type": "Roof",
            "x": 2.2603015899658205,
            "y": 2.389529228210449,
            "rot": 0.0,
            "sx": 1.0,
            "sy": 1.0
        },
        {
            "type": "Roof",
            "x": 9.374692916870118,
            "y": 5.353858947753906,
            "rot": 0.0,
            "sx": 1.0,
            "sy": 1.0
        }
    ]
}