{
    "objects": [
        {
            "type": "Roof",
            "x": -3.9647910594940187,
            "y": -0.5377466678619385,
            "rot": 0.0,
            "sx": 1.0,
            "sy": 1.0
        },
        {
            "type": "Roof",
            "x": -6.076875686645508,
            "y": -0.426582932472229,
            "rot": 0.0,
            "sx": 1.0,
            "sy": 1.0
        },
        {
            "type": "Roof",
            "x": 2.149139881134033,
            "y": -0.5006917715072632,
            "rot": 0.0,
            "sx": 1.0,
            "sy": 1.0
        },
        {
            "type": "Roof",
            "x": 9.522909164428711,
            "y": 5.798508644104004,
            "rot": 0.0,
            "sx": 1.0,
            "sy": 1.0
        }
    ]
}